{"loss": 1999, "_timestamp": 1675252257.663671, "_runtime": 6.253935098648071, "_step": 1999, "_wandb": {"runtime": 6}}