{"loss": 49999, "_timestamp": 1675252762.903908, "_runtime": 18.028650999069214, "_step": 49999, "_wandb": {"runtime": 36}}