{"loss": 49999, "_timestamp": 1675252949.8213918, "_runtime": 13.541239738464355, "_step": 49999, "_wandb": {"runtime": 32}}