{"loss": 19999, "_timestamp": 1675252297.58941, "_runtime": 7.887653112411499, "_step": 19999, "_wandb": {"runtime": 12}}