{"loss": 19999, "_timestamp": 1675252620.0027251, "_runtime": 7.353575229644775, "_step": 19999, "_wandb": {"runtime": 13}}