{"loss": 181233, "_timestamp": 1675252400.116964, "_runtime": 26.597914218902588, "_step": 181233}